<?xml version="1.0" encoding="utf-8"?>
<galleria>
	<image>
		<src>Klee_01.jpg</src>
		<didascalia>Paul Klee, Tunisian Gardens</didascalia>
	</image>
	<image>
		<src>Klee_02.jpg</src>
		<didascalia>Paul Klee, Insula Dulcamara</didascalia>
	</image>
	<image>
		<src>Klee_03.jpg</src>
		<didascalia>Paul Klee, Outburst of fear</didascalia>
	</image>
	<image>
		<src>Klee_04.jpg</src>
		<didascalia>Paul Klee, Zwitschermaschine</didascalia>
	</image>
	<image>
		<src>Klee_05.jpg</src>
		<didascalia>Paul Klee</didascalia>
	</image>
	<image>
		<src>Klee_06.jpg</src>
		<didascalia>Paul Klee, Senecio</didascalia>
	</image>
</galleria>