<?xml version="1.0" encoding="utf-8" ?>
<dwsync>
<file name="logo_top.gif" server="test.sisteminterattivi.org/httpdocs/" local="129343075186585636" remote="129343170600000000" />
<file name="logo_top.gif" server="cv.sisteminterattivi.org/httpdocs/" local="129078514370000000" remote="129355162800000000" />
<file name="ico.png" server="cv.sisteminterattivi.org/httpdocs/" local="129078514370000000" remote="129355162800000000" />
<file name="pull_01_a.gif" server="cv.sisteminterattivi.org/httpdocs/" local="129078514370000000" remote="129355162800000000" />
<file name="pull_01_b.gif" server="cv.sisteminterattivi.org/httpdocs/" local="129078514370000000" remote="129355162800000000" />
<file name="pull_01_c.gif" server="cv.sisteminterattivi.org/httpdocs/" local="129078514360000000" remote="129355162800000000" />
<file name="pull_02_a.gif" server="cv.sisteminterattivi.org/httpdocs/" local="129078514360000000" remote="129355162800000000" />
<file name="pull_02_b.gif" server="cv.sisteminterattivi.org/httpdocs/" local="129078514360000000" remote="129355162800000000" />
<file name="pull_02_c.gif" server="cv.sisteminterattivi.org/httpdocs/" local="129078514360000000" remote="129355162800000000" />
<file name="pull_03_a.gif" server="cv.sisteminterattivi.org/httpdocs/" local="129078514360000000" remote="129355162800000000" />
<file name="pull_03_b.gif" server="cv.sisteminterattivi.org/httpdocs/" local="129078514350000000" remote="129355162800000000" />
<file name="pull_03_c.gif" server="cv.sisteminterattivi.org/httpdocs/" local="129078514350000000" remote="129355162800000000" />
<file name="pull_04_a.gif" server="cv.sisteminterattivi.org/httpdocs/" local="129078514340000000" remote="129355162800000000" />
<file name="pull_04_b.gif" server="cv.sisteminterattivi.org/httpdocs/" local="129078514340000000" remote="129355162800000000" />
<file name="pull_04_c.gif" server="cv.sisteminterattivi.org/httpdocs/" local="129078514330000000" remote="129355162800000000" />
<file name="pull_05_a.gif" server="cv.sisteminterattivi.org/httpdocs/" local="129078514330000000" remote="129355162800000000" />
<file name="pull_05_b.gif" server="cv.sisteminterattivi.org/httpdocs/" local="129078514330000000" remote="129355162800000000" />
<file name="pull_05_c.gif" server="cv.sisteminterattivi.org/httpdocs/" local="129078514320000000" remote="129355162800000000" />
<file name="pull_06_a.gif" server="cv.sisteminterattivi.org/httpdocs/" local="129078514320000000" remote="129355162800000000" />
<file name="pull_06_b.gif" server="cv.sisteminterattivi.org/httpdocs/" local="129078514310000000" remote="129355162800000000" />
<file name="pull_06_c.gif" server="cv.sisteminterattivi.org/httpdocs/" local="129078514310000000" remote="129355162800000000" />
<file name="pull_07_a.gif" server="cv.sisteminterattivi.org/httpdocs/" local="129078514310000000" remote="129355162800000000" />
<file name="pull_07_b.gif" server="cv.sisteminterattivi.org/httpdocs/" local="129078514310000000" remote="129355162800000000" />
<file name="sf_grigio.gif" server="cv.sisteminterattivi.org/httpdocs/" local="129342487320179912" remote="129355162800000000" />
<file name="tit_archivio.gif" server="cv.sisteminterattivi.org/httpdocs/" local="129078514300000000" remote="129355162800000000" />
<file name="tit_fuori.gif" server="cv.sisteminterattivi.org/httpdocs/" local="129078514300000000" remote="129355162800000000" />
<file name="tit_guarda.gif" server="cv.sisteminterattivi.org/httpdocs/" local="129078514300000000" remote="129355162800000000" />
<file name="tit_index_01.gif" server="cv.sisteminterattivi.org/httpdocs/" local="129078514290000000" remote="129355162800000000" />
<file name="tit_index_02.gif" server="cv.sisteminterattivi.org/httpdocs/" local="129078514290000000" remote="129355162800000000" />
<file name="tit_index_03.gif" server="cv.sisteminterattivi.org/httpdocs/" local="129078514290000000" remote="129355162800000000" />
<file name="tit_index_04.gif" server="cv.sisteminterattivi.org/httpdocs/" local="129078514290000000" remote="129355162800000000" />
<file name="tit_index_05.gif" server="cv.sisteminterattivi.org/httpdocs/" local="129078514290000000" remote="129355162800000000" />
<file name="tit_index_06.gif" server="cv.sisteminterattivi.org/httpdocs/" local="129078514290000000" remote="129355162800000000" />
<file name="tit_titillium.gif" server="cv.sisteminterattivi.org/httpdocs/" local="129078514280000000" remote="129355162800000000" />
<file name="52510Senza titolo-2.jpg" server="cv.sisteminterattivi.org/httpdocs/" local="129212546370000000" remote="129361268400000000" />
</dwsync>