<?xml version="1.0" encoding="utf-8"?>
<portofolio>
	<pagina>
		<src>Animazione01.swf</src>
		<titolo>La prima animazione</titolo>
	</pagina>
	<pagina>
		<src>Immagine1.png</src>
		<titolo>Anime cupe</titolo>
	</pagina>
	<pagina>
		<src>Clip-A.swf</src>
		<titolo>Una clip</titolo>
	</pagina>
	<pagina>
		<src>Win.gif</src>
		<titolo>Il logo di Windows</titolo>
	</pagina>
	<pagina>
		<src>Dollaro.jpg</src>
		<titolo>Un dollaro</titolo>
	</pagina>
	<pagina>
		<src>Animazione02.swf</src>
		<titolo>Seconda animazione</titolo>
	</pagina>
</portofolio>